<!DOCTYPE suite SYSTEM "http://testng.org/testng-1.0.dtd">
<suite name="Suite" parallel="none">
     <parameter name="url" value="http://www.google.com"/>
  <test name="FirefoxBrowser">
      <parameter name="browserName" value="Firefox"/>
     <packages>
         <package name="package1">
             <exclude name="TestngDemo_3"/>
         </package>
         <Cl
         
     </packages>
     
 <!--     <classes>
        
      <class name="package1.DataParameterization"/>
      <class name="package1.TestngDemo_1"/>
    </classes>-->
  </test>
   <test name="ChromeBrowser">
       <parameter name="browserName" value="Chrome"/>
       
    <classes>
      <class name="package1.DataParameterization"/>
    </classes>
  </test><!-- Test -->
</suite> <!-- Suite -->
