<!DOCTYPE suite SYSTEM "http://testng.org/testng-1.0.dtd">
<suite name="Suite" parallel="none">
  <test name="Test">
      <groups>
      <run>
        <include name="Regression"/>
    <!--     <exclude name="Sanity"/> --> 
      </run>
    </groups>
    <classes>
      <class name="package1.GroupsDemo">
      <methods>
      <!--     <include name="testThree"/> --> 
          <exclude name="testFour"/>
      </methods>
      </class>
    </classes>
  </test> <!-- Test -->
</suite> <!-- Suite -->
