<!DOCTYPE suite SYSTEM "http://testng.org/testng-1.0.dtd">
<suite name="Suite" parallel="none">
     <listeners>
      <listener class-name="org.uncommons.reportng.HTMLReporter"/>
      <listener class-name="org.uncommons.reportng.JUnitXMLReporter"/>
  </listeners>
  <test name="Test">
      <groups>
      <run>
        <include name="Regression"/>
      </run>
    </groups>
    <classes>
      <class name="package1.GroupsDemo"/>
    </classes>
  </test> <!-- Test -->
</suite> <!-- Suite -->
